image_id,angle,speed
1,0.5692371726036072,0.2096439152956009
2,0.905258297920227,0.995585024356842
3,0.27451446652412415,0.8058777451515198
4,0.213579460978508,0.8759065866470337
5,0.24364833533763885,0.8514683842658997
6,0.5452914834022522,1.167176365852356
7,0.9134994745254517,0.9690460562705994
8,0.9339707493782043,0.9377024173736572
9,0.573979914188385,-0.08567051589488983
10,0.6209896206855774,0.3436235785484314
11,0.46754515171051025,0.10885080695152283
12,0.6161945462226868,0.15943939983844757
13,0.5737086534500122,0.6546968221664429
14,0.5116420984268188,-0.15442460775375366
15,0.3105660080909729,0.5867477059364319
16,0.6501477360725403,0.5229808688163757
17,0.5094545483589172,0.1575610190629959
18,0.8295873999595642,-0.036729197949171066
19,0.5124492645263672,-0.050718214362859726
20,0.3363233506679535,1.0946624279022217
21,0.6874648928642273,1.3588593006134033
22,0.33860093355178833,0.9866501092910767
23,0.2578589618206024,0.8699854612350464
24,0.636607825756073,0.1153663694858551
25,0.8040964007377625,0.4579203128814697
26,0.8564425110816956,0.9746899008750916
27,0.62559974193573,0.2688910663127899
28,0.6005243062973022,-0.1379707008600235
29,0.7035614252090454,0.01583041623234749
30,0.611648440361023,0.9749659299850464
31,0.42133304476737976,0.4895585775375366
32,0.6838698983192444,0.8517894148826599
33,0.6877455711364746,0.062792107462883
34,0.644553005695343,0.9252532124519348
35,0.6132969856262207,-0.08589319884777069
36,0.7237752676010132,0.9650869369506836
37,0.4118911325931549,0.9974436163902283
38,0.8755621314048767,0.5926716327667236
39,0.6895303130149841,0.05155708268284798
40,0.715583324432373,1.1743563413619995
41,0.5025796294212341,0.603377640247345
42,0.6415379643440247,0.2979657053947449
43,0.24082688987255096,1.1588777303695679
44,0.5959310531616211,0.19502529501914978
45,-0.0023307614028453827,1.0166854858398438
46,0.6233692765235901,0.33952903747558594
47,0.7255403995513916,0.33672237396240234
48,0.6085856556892395,0.5379124283790588
49,0.6769629120826721,0.49395883083343506
50,0.6120390892028809,0.8524830937385559
51,0.6041086912155151,1.0830646753311157
52,0.6530907154083252,0.9880775809288025
53,0.8830438852310181,-0.0926094800233841
54,0.7854666709899902,0.7076730132102966
55,0.7296064496040344,0.013789672404527664
56,0.7921048998832703,0.25418463349342346
57,0.6946662068367004,-0.11624491214752197
58,0.7362154722213745,0.28550979495048523
59,0.1256791204214096,0.537250816822052
60,0.7443095445632935,0.9489983320236206
61,0.6891055703163147,0.32217034697532654
62,0.47966012358665466,1.0240367650985718
63,0.6239052414894104,0.7747807502746582
64,0.8500790596008301,0.08091391623020172
65,0.659992516040802,0.8530762195587158
66,0.6963770985603333,0.13311918079853058
67,0.4975346326828003,0.08171316981315613
68,0.6806035041809082,-0.06711873412132263
69,0.44349268078804016,0.9921942353248596
70,0.8028395175933838,0.46360865235328674
71,0.46652302145957947,1.031425952911377
72,0.6585016250610352,0.23043642938137054
73,0.6153927445411682,-0.006234940141439438
74,0.8364967703819275,0.3150957226753235
75,0.45246368646621704,0.5194595456123352
76,0.8278942108154297,0.8592300415039062
77,0.5957962870597839,0.7453739047050476
78,0.4421108365058899,1.0580096244812012
79,0.3983405530452728,0.6941396594047546
80,0.7350326180458069,0.7846769690513611
81,0.7018826007843018,0.9408036470413208
82,0.7857857346534729,0.9806583523750305
83,0.5309203863143921,0.42548614740371704
84,0.5904716849327087,0.7768930792808533
85,0.5319108366966248,0.9324418902397156
86,0.5286024212837219,0.07082304358482361
87,0.47742214798927307,0.832993745803833
88,0.3435634672641754,0.7677537798881531
89,0.4425518810749054,0.3297475576400757
90,0.2345847487449646,1.040349006652832
91,0.6542880535125732,0.8444742560386658
92,0.40798380970954895,0.5928518176078796
93,0.6624445915222168,0.5302817225456238
94,0.19637088477611542,1.0367467403411865
95,0.7722141146659851,0.11809059977531433
96,0.6188432574272156,0.035751912742853165
97,0.304054319858551,0.8228425979614258
98,0.7012812495231628,0.141106978058815
99,0.4709218442440033,0.4833304286003113
100,0.6426117420196533,0.9568114280700684
101,0.960094690322876,0.21316304802894592
102,0.8645039200782776,0.6374921798706055
103,0.17157326638698578,0.46819034218788147
104,0.4037051498889923,0.7315033078193665
105,0.4591798484325409,0.13622696697711945
106,0.594149112701416,0.14604893326759338
107,0.5805377960205078,0.2677319049835205
108,0.4045883119106293,0.9348191022872925
109,0.7460458874702454,0.7639496922492981
110,0.7742477059364319,0.15306276082992554
111,0.601917564868927,0.9492104053497314
112,0.5794182419776917,0.02442948892712593
113,0.6110802292823792,0.23692621290683746
114,0.539213240146637,0.3281765282154083
115,0.47356945276260376,0.28446024656295776
116,0.4913210868835449,0.871051013469696
117,0.4939216077327728,0.756398618221283
118,0.6080813407897949,0.5056393146514893
119,0.8493198752403259,0.6230652928352356
120,0.6102296113967896,-0.023992132395505905
121,0.4635831117630005,1.0477458238601685
122,0.6608153581619263,0.10473451018333435
123,0.4351385831832886,0.6090754866600037
124,0.4318883419036865,0.02273758128285408
125,0.18894173204898834,0.7478182911872864
126,0.7677236199378967,-0.044955383986234665
127,0.4525025188922882,0.6397738456726074
128,0.5106325149536133,0.2951028347015381
129,0.2753426730632782,0.9148709177970886
130,0.5671260356903076,0.10730873048305511
131,0.7538168430328369,-0.0076136402785778046
132,0.3294035494327545,0.6244685053825378
133,0.605552613735199,0.8039163947105408
134,0.5383166670799255,0.8663952946662903
135,0.8338304162025452,0.6891447901725769
136,0.6880742907524109,0.2100992500782013
137,0.35069772601127625,0.1420983523130417
138,0.6404871344566345,0.1616150289773941
139,0.3491392433643341,0.7018694877624512
140,0.6822540760040283,0.3387640118598938
141,0.7382554411888123,0.9039248824119568
142,0.042182955890893936,0.8662607073783875
143,0.6477295756340027,0.46129199862480164
144,0.15956665575504303,0.9249123930931091
145,0.4555072784423828,1.0374794006347656
146,0.7099078893661499,0.32388585805892944
147,0.465289831161499,0.15225306153297424
148,0.537909984588623,0.3430393934249878
149,0.3776768445968628,0.5076302886009216
150,0.45059117674827576,0.08866466581821442
151,0.7528814077377319,0.9740769267082214
152,0.6638343930244446,0.47405481338500977
153,0.6160839200019836,0.15316428244113922
154,0.4987165033817291,0.8412332534790039
155,0.5189459919929504,0.19712848961353302
156,0.7206845879554749,0.15978111326694489
157,0.673791766166687,-0.12106813490390778
158,0.6247062683105469,0.615491509437561
159,0.5818015933036804,0.7074779272079468
160,0.24426333606243134,0.6262152791023254
161,0.6710942983627319,0.853176474571228
162,0.5339576601982117,1.0447959899902344
163,0.7077601552009583,0.34394869208335876
164,0.8175479769706726,0.9615961313247681
165,0.5490381717681885,0.2451598197221756
166,0.32955923676490784,0.6582624316215515
167,0.46916791796684265,0.09925353527069092
168,0.6071833968162537,0.6074983477592468
169,0.1860669106245041,0.7997164726257324
170,0.7115580439567566,0.714420735836029
171,0.49634575843811035,0.3475275933742523
172,0.4533834755420685,0.8141064047813416
173,0.6310651302337646,0.16099560260772705
174,0.3743925392627716,1.1010302305221558
175,0.2750355899333954,0.8480564951896667
176,0.44762152433395386,0.2330060601234436
177,0.6487879753112793,0.8892581462860107
178,0.846813976764679,0.959808886051178
179,0.44050368666648865,0.28583410382270813
180,0.32707494497299194,0.9411099553108215
181,0.38752469420433044,0.9024125933647156
182,0.7663222551345825,0.9127956032752991
183,0.3469308912754059,0.5622660517692566
184,0.5340588688850403,-0.23307229578495026
185,0.36125534772872925,0.9750671982765198
186,0.7970141172409058,1.057676076889038
187,0.40633586049079895,0.7670356631278992
188,0.6270394921302795,0.18851159512996674
189,0.5038136839866638,0.044849831610918045
190,0.6484911441802979,0.1222032904624939
191,0.458247572183609,0.3148757219314575
192,0.5561074614524841,0.1759808510541916
193,0.4158687889575958,0.3540821969509125
194,0.47698071599006653,0.7581238150596619
195,0.46122297644615173,0.6064781546592712
196,0.14838550984859467,0.7452226281166077
197,0.7814785838127136,0.18206869065761566
198,0.34616824984550476,-0.1111898422241211
199,0.7965111136436462,0.40872636437416077
200,0.5027597546577454,0.3294236361980438
201,0.4531771242618561,0.7263770699501038
202,0.8259141445159912,0.7733180522918701
203,0.7978812456130981,0.04773837700486183
204,0.5611388087272644,0.8435965180397034
205,0.4072359502315521,0.6890862584114075
206,0.6948631405830383,0.09805428981781006
207,0.6676280498504639,0.06836982071399689
208,0.5283257365226746,-0.001446004956960678
209,0.4612584710121155,0.4923858940601349
210,0.6448947787284851,0.8140024542808533
211,0.6678487658500671,1.0123740434646606
212,0.6161959767341614,0.8492254614830017
213,0.690087080001831,0.9812918901443481
214,0.42418017983436584,0.8501246571540833
215,0.8679857850074768,0.1891242116689682
216,0.7022944092750549,0.48890745639801025
217,0.8114350438117981,0.1688394844532013
218,0.6471165418624878,0.29754912853240967
219,0.5640724301338196,0.3646489977836609
220,0.7260444760322571,0.18457627296447754
221,0.6372132897377014,0.18485264480113983
222,0.6724311113357544,0.2387353479862213
223,0.8726262450218201,0.5888673067092896
224,0.16144585609436035,0.656914472579956
225,0.459774374961853,0.5194098949432373
226,0.7227224707603455,0.8400149941444397
227,0.1186373233795166,1.0635086297988892
228,0.7136141657829285,0.24921754002571106
229,0.5110660791397095,0.7539908289909363
230,0.46772053837776184,0.9207246899604797
231,0.42728713154792786,0.7543574571609497
232,0.5510466694831848,0.8273947238922119
233,0.8118531703948975,-0.04338091239333153
234,0.524777352809906,-0.08207391202449799
235,0.8647897243499756,0.7934372425079346
236,0.6605848073959351,-0.08159928023815155
237,0.4639064073562622,0.7113140821456909
238,0.636787474155426,0.21483846008777618
239,0.28840112686157227,0.04445505514740944
240,0.491477906703949,0.901436984539032
241,0.501327633857727,0.44901275634765625
242,0.7675136923789978,-0.0007453672587871552
243,0.6020276546478271,0.21665214002132416
244,0.7353971600532532,-0.04595517739653587
245,0.5093366503715515,1.0098344087600708
246,0.34427914023399353,0.4576452970504761
247,0.4479027986526489,0.30100491642951965
248,0.27677974104881287,1.207457423210144
249,0.7280619144439697,0.8846085071563721
250,0.8016434907913208,0.8837746977806091
251,0.38730642199516296,0.9119114279747009
252,0.6141864061355591,0.23637190461158752
253,0.7103943228721619,0.15681803226470947
254,0.7873740196228027,0.21703548729419708
255,0.5834657549858093,0.19499243795871735
256,0.6501572728157043,0.5577456951141357
257,0.6119301319122314,0.0870027244091034
258,0.9323250651359558,0.7849469184875488
259,0.12805022299289703,0.8494497537612915
260,0.35523495078086853,-0.19798912107944489
261,0.8105997443199158,0.7338998317718506
262,0.565055251121521,-0.04374098405241966
263,0.6173095107078552,0.9267122149467468
264,0.6968063116073608,0.12071855366230011
265,0.5477284789085388,-0.06548582017421722
266,0.6694784760475159,0.0673983097076416
267,0.878140926361084,0.23983372747898102
268,0.7327321171760559,0.9729769825935364
269,0.60796058177948,0.03832229599356651
270,0.3142295181751251,0.39438730478286743
271,0.6188872456550598,0.7475932240486145
272,0.40501734614372253,0.7378085851669312
273,0.8678231835365295,0.10207661986351013
274,0.5995187163352966,0.13039125502109528
275,0.7623829245567322,1.2029176950454712
276,0.3237486183643341,1.016260027885437
277,0.789877712726593,0.44487401843070984
278,0.693388044834137,1.01334810256958
279,0.6545654535293579,-0.0391278974711895
280,0.527479887008667,0.7889677286148071
281,0.6434150338172913,0.1198178380727768
282,0.8526011109352112,0.14665277302265167
283,0.07455725967884064,1.0953426361083984
284,0.5908669829368591,0.4099123179912567
285,0.4150025546550751,0.5462019443511963
286,0.5689878463745117,0.24260161817073822
287,0.4085746705532074,0.12925395369529724
288,0.5247995853424072,0.3015677332878113
289,0.4404659867286682,0.016379225999116898
290,0.6442939043045044,0.9936699271202087
291,0.5481154322624207,0.5189492106437683
292,0.735517144203186,0.6758198142051697
293,0.48589199781417847,0.821969747543335
294,0.7372379899024963,0.41125091910362244
295,0.7289115190505981,0.038801226764917374
296,0.6784608960151672,0.8710066080093384
297,0.5160550475120544,0.5536417961120605
298,0.5462387204170227,0.616169273853302
299,0.43958479166030884,0.88727205991745
300,0.6580384373664856,0.281777560710907
301,0.4917181432247162,0.061399031430482864
302,0.4016289710998535,0.8945222496986389
303,0.6978939771652222,0.5173138976097107
304,0.7353350520133972,0.07661266624927521
305,0.41783303022384644,0.8331584334373474
306,0.638511598110199,0.12234584987163544
307,0.740632176399231,0.8595008850097656
308,0.8027961254119873,0.387542724609375
309,0.5261492729187012,0.5878108739852905
310,0.8295544981956482,0.4909176230430603
311,0.9465937614440918,0.8398294448852539
312,0.323684960603714,1.0352855920791626
313,0.7996479868888855,0.9109794497489929
314,0.6534560322761536,0.7472331523895264
315,0.22870641946792603,0.3867746889591217
316,0.6161981225013733,0.09583614766597748
317,0.744950532913208,0.899117112159729
318,0.2530881464481354,0.9418721795082092
319,0.3595353662967682,0.9613580703735352
320,0.45999255776405334,0.5159558057785034
321,0.5218433141708374,0.6317402720451355
322,0.6234946250915527,0.348396897315979
323,0.7948283553123474,0.8902340531349182
324,0.7061904072761536,0.4255448579788208
325,0.6433749794960022,-0.04124976322054863
326,0.682608962059021,0.11848382651805878
327,0.3904925286769867,0.8935180306434631
328,0.7492223381996155,-0.04230343922972679
329,0.7578523755073547,1.0267307758331299
330,0.5824030041694641,0.9184780716896057
331,0.7511204481124878,0.5725554823875427
332,0.46647173166275024,0.30273136496543884
333,0.5871705412864685,0.16101861000061035
334,0.5521146655082703,0.12680672109127045
335,0.6999567747116089,0.14699657261371613
336,0.4241507947444916,1.0455375909805298
337,0.46623411774635315,1.008992075920105
338,0.6839318871498108,0.40786507725715637
339,0.6818961501121521,0.6356279850006104
340,0.4887068569660187,0.5954093337059021
341,0.45414409041404724,0.3084962069988251
342,0.701150119304657,1.0903546810150146
343,0.32503393292427063,0.604584276676178
344,0.5797861218452454,0.847588837146759
345,0.3304597735404968,0.2545360326766968
346,0.7237393260002136,-0.003028031438589096
347,0.561113715171814,0.1828898936510086
348,0.7496475577354431,0.8309307098388672
349,0.4247196614742279,0.9042201638221741
350,0.6396793723106384,0.4747721552848816
351,0.5371679067611694,-0.2544499635696411
352,0.5332489609718323,0.09254121780395508
353,0.4305899441242218,0.9695343971252441
354,0.6008706092834473,0.5846710801124573
355,0.581904947757721,0.11110325157642365
356,0.4577983617782593,0.8214374780654907
357,0.5339609384536743,0.9212732911109924
358,0.5395925045013428,1.0685638189315796
359,0.6124699711799622,-0.24182702600955963
360,0.6073974967002869,0.4065757691860199
361,0.8116669058799744,0.6034886837005615
362,0.6549705862998962,0.36595839262008667
363,0.5942717790603638,0.32474684715270996
364,0.4355166256427765,0.6342546343803406
365,0.6950175166130066,0.8637735247612
366,0.28980404138565063,0.998199462890625
367,0.8920642733573914,0.6752214431762695
368,0.7086151838302612,0.521248996257782
369,0.39676037430763245,0.6483510136604309
370,0.4325092136859894,0.5078497529029846
371,0.48043522238731384,0.2443753033876419
372,0.6040109395980835,0.16419126093387604
373,0.44229209423065186,0.08314792811870575
374,0.41203513741493225,0.3400948643684387
375,0.5079251527786255,0.7898944020271301
376,0.30117395520210266,1.1220276355743408
377,0.7040838599205017,0.9475942254066467
378,0.3538418710231781,0.8738976120948792
379,0.6823493838310242,0.25429561734199524
380,0.5934562087059021,0.2628020942211151
381,0.5577240586280823,0.262265682220459
382,0.8006497025489807,0.8015674352645874
383,0.5645723938941956,0.990792453289032
384,0.785780131816864,1.0231789350509644
385,0.44121700525283813,0.5028849244117737
386,0.6312130689620972,-0.03300188109278679
387,0.5271484851837158,-0.0009836964309215546
388,0.358259916305542,0.9842084050178528
389,0.5115264654159546,0.6605943441390991
390,0.5578811764717102,0.9247071146965027
391,0.21379031240940094,0.8039706945419312
392,0.6169191002845764,0.3782639503479004
393,0.3841266632080078,0.08615712821483612
394,0.4612564742565155,0.12020967900753021
395,0.4085920751094818,0.3702162504196167
396,0.38052430748939514,1.0303568840026855
397,0.3868550658226013,0.9361473917961121
398,0.7747156620025635,0.21206611394882202
399,0.5807453989982605,0.12204715609550476
400,0.7187763452529907,0.8194276690483093
401,0.3757671117782593,0.9349010586738586
402,0.46061021089553833,0.47912895679473877
403,0.4096243381500244,1.110890507698059
404,0.5280972123146057,0.6889796853065491
405,0.504874587059021,0.8079877495765686
406,0.5371386408805847,0.9693030714988708
407,0.5753098130226135,0.09534043073654175
408,0.7725728154182434,0.27732589840888977
409,0.3906550109386444,1.1048935651779175
410,0.6983665823936462,0.12417420744895935
411,0.6780281066894531,0.8979941010475159
412,0.5146432518959045,0.6221388578414917
413,0.6854120492935181,-0.03572778031229973
414,0.4637453258037567,0.464003324508667
415,0.4583313763141632,0.28711578249931335
416,0.643522322177887,0.43620431423187256
417,0.650208055973053,0.5601853728294373
418,0.7042543888092041,0.3850453495979309
419,0.7865232825279236,0.08487142622470856
420,0.21169964969158173,0.7956438660621643
421,0.7534054517745972,0.3948092758655548
422,0.6205739974975586,0.19487416744232178
423,0.7844241261482239,0.8253061771392822
424,0.3599206507205963,0.780606746673584
425,0.39612317085266113,0.6035536527633667
426,0.3553808033466339,0.6003042459487915
427,0.5618625283241272,0.17076878249645233
428,0.5214142799377441,0.632716178894043
429,0.7385892868041992,0.8495734930038452
430,0.3974584937095642,0.6219457983970642
431,0.6705195903778076,0.1175592839717865
432,0.41608595848083496,0.7640327215194702
433,0.7635090947151184,0.19588303565979004
434,0.6275914907455444,0.41775792837142944
435,0.5493165850639343,0.5309304594993591
436,0.5625225901603699,-0.049080055207014084
437,0.8293812870979309,0.7995665073394775
438,0.36391085386276245,0.2101629227399826
439,0.8627827763557434,0.7867360711097717
440,0.3203224539756775,1.0426549911499023
441,0.5480766296386719,0.6431041955947876
442,0.20490893721580505,0.88320392370224
443,0.44526100158691406,0.7938547730445862
444,0.6727195382118225,0.2054135650396347
445,0.6058124899864197,0.9275829792022705
446,0.6779099106788635,0.67683345079422
447,0.5699105858802795,0.8423574566841125
448,0.3699405789375305,0.20063191652297974
449,0.6729148626327515,0.9825093150138855
450,0.8413553833961487,0.8925138711929321
451,0.5905715823173523,0.12546932697296143
452,0.6628596186637878,0.7913156151771545
453,0.48235654830932617,0.5126643776893616
454,0.6528645753860474,0.9852712750434875
455,0.6498996615409851,0.884623646736145
456,0.6703923940658569,0.4296530485153198
457,0.2153124213218689,0.818152666091919
458,0.6157205700874329,0.9458412528038025
459,0.7049394249916077,0.11202943325042725
460,0.35093966126441956,0.8566321134567261
461,0.8666022419929504,0.20889784395694733
462,0.600439727306366,0.08867646753787994
463,0.2598022520542145,1.0145447254180908
464,0.6331015229225159,0.11269344389438629
465,0.7023628950119019,0.10425834357738495
466,0.7351652979850769,0.061122361570596695
467,0.674765408039093,0.10630708932876587
468,0.44305816292762756,0.4215945303440094
469,0.69361412525177,0.8827105760574341
470,0.5593204498291016,0.15627159178256989
471,0.7738124132156372,0.16570144891738892
472,0.5420225858688354,0.7858954668045044
473,0.5162789225578308,0.8628889918327332
474,0.5928744673728943,0.26512014865875244
475,0.582409679889679,0.6568094491958618
476,0.3453786075115204,0.6490835547447205
477,0.4890103042125702,0.8792170882225037
478,0.5485274791717529,0.6280742287635803
479,0.7188321948051453,0.8492158055305481
480,0.485307902097702,0.36932265758514404
481,0.6669470071792603,0.5650597214698792
482,0.5615342259407043,0.011919047683477402
483,0.6791414618492126,0.3082241415977478
484,0.6090459823608398,0.665405809879303
485,0.6884136199951172,0.8763255476951599
486,0.42451825737953186,1.0194754600524902
487,0.3234851360321045,0.9133570790290833
488,0.8135887384414673,0.015348095446825027
489,0.15954476594924927,0.671273946762085
490,0.5194929242134094,0.6458454728126526
491,-0.11389775574207306,0.8366901278495789
492,0.6794540286064148,0.29723650217056274
493,0.6191506385803223,1.037885308265686
494,0.8812047243118286,1.0218976736068726
495,0.4937654435634613,0.7509644031524658
496,0.1867850422859192,0.47634321451187134
497,0.7347514629364014,0.16648755967617035
498,0.4084245562553406,0.8014528751373291
499,0.6716545224189758,0.06448528170585632
500,0.47262898087501526,0.3623412847518921
501,0.6251068711280823,0.7839124798774719
502,0.5517327785491943,0.7007054686546326
503,0.47965511679649353,0.029424000531435013
504,0.4453188478946686,0.23150821030139923
505,0.8249532580375671,0.9338607788085938
506,0.6409854292869568,0.10847075283527374
507,0.584446370601654,0.843893826007843
508,0.5500558018684387,0.23003442585468292
509,0.5670396089553833,1.1320228576660156
510,0.5072556734085083,0.7571481466293335
511,0.6914343237876892,0.42977988719940186
512,0.7230082750320435,0.8378227353096008
513,0.7601322531700134,0.05911760404706001
514,0.574589729309082,0.1914200484752655
515,0.37893250584602356,0.9372696280479431
516,0.35401204228401184,0.015220332890748978
517,0.6476697325706482,0.738638699054718
518,0.2509801983833313,0.7279123067855835
519,0.48522788286209106,0.8696443438529968
520,0.37387141585350037,-0.1679208129644394
521,0.6881989240646362,0.22842349112033844
522,0.4078940153121948,0.8464106917381287
523,0.4642827808856964,0.7270990610122681
524,0.48201611638069153,0.647443413734436
525,0.8297841548919678,0.18532830476760864
526,0.5369353890419006,0.5612464547157288
527,0.6799719929695129,0.634228527545929
528,0.5624448657035828,0.954133927822113
529,0.4707373082637787,1.046783685684204
530,0.5465576648712158,0.0348195917904377
531,0.6358209848403931,0.050082895904779434
532,0.1766139268875122,0.7098420858383179
533,0.8203564882278442,0.34613236784935
534,0.719543993473053,-0.10098332166671753
535,0.3943353295326233,1.0607644319534302
536,0.49913668632507324,0.912350594997406
537,0.6000373959541321,0.6147692799568176
538,0.5787268877029419,0.7865113615989685
539,0.5499734282493591,0.1266249567270279
540,0.3560367524623871,1.2031611204147339
541,0.23029553890228271,1.0234088897705078
542,0.5586913824081421,0.29941874742507935
543,0.6420049667358398,0.6178314685821533
544,0.3816390931606293,0.9297304749488831
545,0.46208855509757996,0.8252156972885132
546,0.4606824219226837,0.8820770382881165
547,0.4424130618572235,0.39993715286254883
548,0.4559822380542755,0.3194800317287445
549,0.7274193167686462,0.19118516147136688
550,0.6482152342796326,0.22044216096401215
551,0.6055395007133484,0.9646849632263184
552,0.42564597725868225,0.8538758158683777
553,0.3433457314968109,0.47818347811698914
554,0.6959283351898193,0.9128856062889099
555,0.2882627248764038,0.829332172870636
556,0.6949902176856995,0.31270885467529297
557,0.07164277136325836,0.9038334488868713
558,0.4010538160800934,0.3183128237724304
559,0.6853382587432861,0.7335938811302185
560,0.7427523732185364,0.21434979140758514
561,0.5350818634033203,0.16140121221542358
562,0.6179524064064026,-0.10255663096904755
563,0.6904069781303406,1.0092289447784424
564,0.7167856693267822,0.40524446964263916
565,0.6850467324256897,0.8505039811134338
566,0.3263365924358368,0.9762688279151917
567,0.5381159782409668,0.2622091472148895
568,0.6981157660484314,0.41316530108451843
569,0.44653165340423584,0.9407762289047241
570,0.47550973296165466,0.5410528182983398
571,0.6918293237686157,-0.20082443952560425
572,0.4235856533050537,0.07550893723964691
573,0.5727079510688782,0.6107029914855957
574,0.8599024415016174,0.9530084729194641
575,0.1537093073129654,0.4491077661514282
576,0.5927093625068665,0.5827611684799194
577,0.7876170873641968,0.9864230751991272
578,0.7261130213737488,0.10831253230571747
579,0.5461068749427795,0.8696008324623108
580,0.5517188906669617,0.735035240650177
581,0.4553898572921753,0.5107186436653137
582,0.5847566723823547,0.9762392640113831
583,0.21953049302101135,0.8120712637901306
584,0.6861240863800049,0.9056059122085571
585,0.6596229076385498,0.33452290296554565
586,0.5384989976882935,0.7862535715103149
587,0.6979464888572693,-0.06319771707057953
588,0.40000617504119873,0.9131104350090027
589,0.4121891260147095,0.8687854409217834
590,0.49205508828163147,0.017285052686929703
591,0.661370038986206,0.8442091941833496
592,0.6413047909736633,0.9375330209732056
593,0.544939398765564,0.811918318271637
594,0.6218264698982239,0.15570224821567535
595,0.1605960577726364,0.8894846439361572
596,0.3487109839916229,0.9070509672164917
597,0.7147061228752136,0.6001990437507629
598,0.5423642992973328,0.8766314387321472
599,0.9159979820251465,1.0213645696640015
600,0.666986346244812,0.14915110170841217
601,0.8739913702011108,0.05791078880429268
602,0.3937397301197052,0.8798662424087524
603,0.270142525434494,0.5354931950569153
604,0.6324102878570557,1.215065836906433
605,0.44794344902038574,0.5546713471412659
606,0.20877762138843536,0.8504390716552734
607,0.5217497944831848,0.8045073747634888
608,0.5963180661201477,0.04787655547261238
609,0.49967050552368164,0.9179141521453857
610,0.5694279074668884,0.6941423416137695
611,0.36638084053993225,0.7905057072639465
612,0.9965271949768066,0.7924653887748718
613,0.5573451519012451,0.5840367078781128
614,0.565579891204834,0.161906436085701
615,0.603146493434906,0.8412712812423706
616,0.673038125038147,0.8673117756843567
617,0.6217506527900696,0.2935992181301117
618,0.7302656173706055,0.12920628488063812
619,0.5423818826675415,0.05369197204709053
620,0.44398966431617737,-0.34013867378234863
621,0.8443626761436462,0.9094134569168091
622,0.4722016155719757,0.06279778480529785
623,0.5001845359802246,0.250796914100647
624,0.817728579044342,0.714525043964386
625,0.5413573980331421,0.8765732049942017
626,0.47655993700027466,0.8203644752502441
627,0.14757117629051208,0.6772746443748474
628,0.45745253562927246,0.8455025553703308
629,0.6508686542510986,0.2519344091415405
630,0.5155333280563354,0.8041576743125916
631,0.6269648671150208,0.8532248139381409
632,0.372335821390152,0.825650155544281
633,0.6482742428779602,1.06757390499115
634,0.12223853170871735,0.7569688558578491
635,0.44796571135520935,0.1885400414466858
636,0.442314475774765,0.34130778908729553
637,0.6503363251686096,0.32069897651672363
638,0.5879694223403931,0.05892973020672798
639,0.5388206243515015,0.22965969145298004
640,0.6725972890853882,-0.06947900354862213
641,0.7785618901252747,1.0006256103515625
642,0.6410738825798035,0.8946225047111511
643,0.633422315120697,0.3156639635562897
644,0.7432223558425903,0.9436377286911011
645,0.6597546935081482,0.18831269443035126
646,0.6679242253303528,-0.02973329648375511
647,0.5966758131980896,0.33288946747779846
648,0.5540275573730469,0.3348003029823303
649,0.5112078189849854,0.5329039096832275
650,0.5374374985694885,0.7919945120811462
651,0.5011798143386841,0.09060169756412506
652,0.6544705033302307,0.26895058155059814
653,0.48499059677124023,1.0188441276550293
654,0.6097001433372498,0.38327640295028687
655,0.5325056314468384,0.7243916392326355
656,0.4741954803466797,0.2565453052520752
657,0.417722225189209,0.9778870344161987
658,0.5654171705245972,0.755693256855011
659,0.7105284333229065,0.20459236204624176
660,0.7191635370254517,0.06816790997982025
661,0.751665472984314,1.0204830169677734
662,0.6008095145225525,0.6009032130241394
663,0.7713416814804077,0.1025225818157196
664,0.5718444585800171,0.6888530850410461
665,0.500184953212738,0.07655411958694458
666,0.6080851554870605,0.13467717170715332
667,0.2860124707221985,0.8663121461868286
668,0.46327778697013855,0.9372884035110474
669,0.33504167199134827,0.21028770506381989
670,0.4652652442455292,0.5010558366775513
671,0.18638218939304352,1.150997281074524
672,0.7825532555580139,0.42284873127937317
673,0.8225955367088318,0.14076101779937744
674,0.7176923155784607,0.267201691865921
675,0.45037156343460083,1.006215214729309
676,0.1717616617679596,0.9417709708213806
677,0.012234587222337723,0.5797821283340454
678,0.7141783833503723,0.2686695456504822
679,0.7546508312225342,0.16434438526630402
680,0.7286592125892639,1.0246672630310059
681,0.628390371799469,0.1410372108221054
682,0.6876071095466614,0.8195716738700867
683,0.26208314299583435,0.8311702013015747
684,0.4797828495502472,-0.017325296998023987
685,0.6854070425033569,0.13107989728450775
686,0.7106572985649109,0.40515807271003723
687,0.6314895749092102,0.12736882269382477
688,0.2664358615875244,1.1285407543182373
689,0.7865164875984192,-0.08001367747783661
690,0.3801938593387604,0.1305578351020813
691,0.9946020245552063,0.819330632686615
692,0.39827731251716614,0.7688948512077332
693,0.5394917130470276,1.066662073135376
694,0.2898262143135071,0.6820607781410217
695,0.24151404201984406,1.0611097812652588
696,0.578494131565094,0.7474822402000427
697,0.29149386286735535,0.565949022769928
698,0.5799028873443604,1.0442813634872437
699,0.5393983125686646,0.16107596457004547
700,0.37706902623176575,1.0242584943771362
701,0.4399013817310333,0.08273832499980927
702,0.3016788065433502,0.7368929982185364
703,0.41834667325019836,0.7709639668464661
704,0.22295592725276947,0.8751583099365234
705,0.6258076429367065,0.9501010179519653
706,0.7767490148544312,0.5446569323539734
707,0.5092074275016785,0.68426913022995
708,0.8357213139533997,0.8304986357688904
709,0.48814961314201355,0.7076696157455444
710,0.8673850893974304,0.3634275794029236
711,0.3965153992176056,1.0961154699325562
712,0.13994811475276947,0.5702202916145325
713,0.49658992886543274,0.9061940908432007
714,0.47860196232795715,0.12171009182929993
715,0.604338526725769,0.8254460692405701
716,0.547135591506958,0.2562128007411957
717,0.42307594418525696,0.9752920866012573
718,0.5416051745414734,-0.1528305858373642
719,0.03571658208966255,0.5793960690498352
720,0.5374667644500732,0.14016160368919373
721,0.7711283564567566,0.13207308948040009
722,0.37288522720336914,0.6776617169380188
723,0.6843189597129822,0.3085768222808838
724,0.7138739228248596,0.04374324157834053
725,0.8872004747390747,1.0345889329910278
726,0.7619917988777161,0.4134133458137512
727,0.5836238265037537,1.067542314529419
728,0.7813951373100281,0.08308731019496918
729,0.3735327422618866,0.6874514222145081
730,0.38939183950424194,0.5067471265792847
731,0.5032476782798767,0.3821493983268738
732,0.6373684406280518,0.44400179386138916
733,0.7773042321205139,1.033581256866455
734,0.5263694524765015,0.5458955764770508
735,0.3813827335834503,0.3859589099884033
736,0.38485491275787354,0.5625805258750916
737,0.6645737886428833,0.37708401679992676
738,0.6265901327133179,0.7092729210853577
739,0.711330235004425,0.04802583530545235
740,0.5305415987968445,1.0405820608139038
741,0.6613539457321167,0.7992885708808899
742,0.6140798926353455,0.14938759803771973
743,0.8381106853485107,0.7831346392631531
744,0.5526904463768005,0.2935178875923157
745,0.6654402613639832,-0.06471878290176392
746,0.7583395838737488,0.2209475040435791
747,0.5168471932411194,0.017913538962602615
748,0.6726235747337341,0.4260861277580261
749,0.35827305912971497,0.7661275863647461
750,0.6743245124816895,-0.023851852864027023
751,0.5036326050758362,0.44046294689178467
752,0.08385564386844635,0.9783156514167786
753,0.6120652556419373,0.05847375467419624
754,0.3507460653781891,0.7848321199417114
755,0.7722296118736267,0.20365633070468903
756,0.6845889091491699,0.9145990014076233
757,0.34695881605148315,1.0782147645950317
758,0.41382554173469543,0.09117905795574188
759,0.23390382528305054,1.0952616930007935
760,0.5840573310852051,0.24454821646213531
761,0.6241267919540405,0.8448919653892517
762,0.45664557814598083,-0.0010231249034404755
763,0.8433595895767212,0.4531521797180176
764,0.32822057604789734,0.6249915957450867
765,0.6347362399101257,0.9778937697410583
766,0.5856615304946899,0.6744389533996582
767,0.6771547794342041,-0.07698279619216919
768,0.2856733798980713,0.7760921716690063
769,0.5811753869056702,1.0071096420288086
770,0.44682785868644714,-0.2366567999124527
771,0.7166420817375183,0.5852729678153992
772,0.1266811341047287,0.6728100180625916
773,0.7487066388130188,1.0423492193222046
774,0.4005108177661896,0.8523414134979248
775,0.6443333029747009,0.2984638512134552
776,0.7276692390441895,0.08822150528430939
777,0.3409736752510071,0.8711275458335876
778,0.5866726636886597,-0.10604958236217499
779,0.46844980120658875,1.001641869544983
780,0.47989988327026367,0.5010403990745544
781,0.3571670949459076,0.6605539321899414
782,0.6265326738357544,0.9187823534011841
783,0.5948473811149597,0.727519690990448
784,0.3492482602596283,0.3750113248825073
785,0.08323246240615845,0.9853431582450867
786,0.5816183686256409,0.20723222196102142
787,0.5539178848266602,0.9675193428993225
788,0.7081363797187805,0.9104338884353638
789,0.5235013961791992,0.181186705827713
790,0.7127204537391663,1.0031461715698242
791,0.6485077142715454,0.61053866147995
792,0.37621116638183594,0.9191786646842957
793,0.7057355046272278,0.5709524750709534
794,0.5249044299125671,1.049420714378357
795,0.5792263746261597,0.10719797015190125
796,0.4420039653778076,-0.1829422265291214
797,0.26596498489379883,-0.06360651552677155
798,0.8080695271492004,0.3484896421432495
799,0.46293073892593384,1.0110416412353516
800,0.5515157580375671,0.6919954419136047
801,0.5590370297431946,0.42526644468307495
802,0.8160357475280762,0.7153269648551941
803,0.7756933569908142,0.1430254429578781
804,0.20294508337974548,0.9561546444892883
805,0.6032554507255554,-0.08354486525058746
806,0.7682566046714783,0.6432836651802063
807,0.6173825263977051,0.3444563150405884
808,0.3859672248363495,-0.09318405389785767
809,0.7503301501274109,-0.2193862348794937
810,0.5881467461585999,1.0299577713012695
811,0.7001834511756897,0.8632848858833313
812,0.8224952220916748,0.2878178358078003
813,0.6914159655570984,0.5006701350212097
814,0.6084001064300537,0.9959297776222229
815,0.2775684893131256,0.8179389238357544
816,0.264710396528244,0.9792982339859009
817,0.7932706475257874,0.06586615741252899
818,0.906834065914154,0.04561895504593849
819,0.5553308725357056,0.004600245505571365
820,0.8157907128334045,0.732134997844696
821,0.5700259804725647,0.8956349492073059
822,0.6544082760810852,0.914502739906311
823,0.4590804874897003,0.2357148379087448
824,0.5481547713279724,-0.040058840066194534
825,0.8988017439842224,0.10519920289516449
826,0.4038199186325073,1.0315611362457275
827,0.8298041820526123,0.20942801237106323
828,0.8822879791259766,0.7169199585914612
829,0.5579549074172974,0.664999783039093
830,0.7860808968544006,0.8641113042831421
831,0.6306530833244324,0.2861728370189667
832,0.3533994257450104,0.8916773200035095
833,0.43247634172439575,0.8875370025634766
834,0.685933530330658,0.6044071316719055
835,0.9274353981018066,0.30698341131210327
836,0.3744170665740967,0.8367218375205994
837,0.6268988251686096,0.4074954390525818
838,0.5052438378334045,-0.20351818203926086
839,0.6463730931282043,0.1679447740316391
840,0.5404337644577026,0.9577385783195496
841,0.4773951470851898,-0.13840322196483612
842,0.698286235332489,0.7841517925262451
843,0.6009162068367004,0.2613165080547333
844,0.48399898409843445,0.6612437963485718
845,0.7930502891540527,0.14766907691955566
846,0.3335846960544586,1.2345242500305176
847,0.23088867962360382,0.882641077041626
848,0.3978060185909271,0.25590282678604126
849,0.7030428647994995,1.129284143447876
850,0.5817568898200989,0.22691580653190613
851,0.6457025408744812,0.1512351781129837
852,0.5958532691001892,0.14084428548812866
853,0.6321542859077454,1.0469173192977905
854,0.629871666431427,0.3401757776737213
855,0.6440399885177612,0.3047366738319397
856,0.48671042919158936,0.8346284031867981
857,0.39842137694358826,0.3062397837638855
858,0.20513416826725006,0.7430209517478943
859,0.6502766609191895,0.19454672932624817
860,0.5474898815155029,0.8805957436561584
861,0.7010617852210999,-0.10403147339820862
862,0.31308016180992126,0.9495142102241516
863,0.5031120777130127,-0.09154856204986572
864,0.4619210362434387,1.004008412361145
865,0.7184450626373291,0.04066773131489754
866,0.5618430972099304,0.8303099274635315
867,0.49683448672294617,0.9713419675827026
868,0.4495656490325928,0.437299519777298
869,0.47833558917045593,0.07573224604129791
870,0.4553159773349762,0.12687338888645172
871,0.559876024723053,0.8966814875602722
872,0.23665212094783783,0.5695614814758301
873,0.4612678587436676,0.8179774284362793
874,0.3852502107620239,0.5888246893882751
875,0.47863277792930603,0.8696985840797424
876,0.7530887722969055,0.6604593396186829
877,0.6637479662895203,0.7357622385025024
878,0.5132535696029663,0.7226009964942932
879,0.544916570186615,0.8103001713752747
880,0.686354398727417,0.8203638792037964
881,0.2583509385585785,0.9229081869125366
882,0.41623690724372864,0.6775913834571838
883,0.31633487343788147,0.3401624858379364
884,0.7235172390937805,0.7524355053901672
885,0.9010146856307983,0.21583843231201172
886,0.3270314931869507,0.970183253288269
887,0.4180036187171936,0.4748445153236389
888,0.7643469572067261,0.3344385325908661
889,0.7303980588912964,0.24536433815956116
890,0.8508325219154358,0.20133954286575317
891,0.48126500844955444,1.0105187892913818
892,0.3644762933254242,0.6484974026679993
893,0.155293270945549,0.7671559453010559
894,0.44525349140167236,1.1753226518630981
895,0.5890511274337769,0.8155023455619812
896,0.44470125436782837,0.47925081849098206
897,0.48009541630744934,-0.09179028868675232
898,0.4473856985569,-0.09830193221569061
899,0.6239230632781982,0.2443471997976303
900,0.46239790320396423,0.28841930627822876
901,0.5530218482017517,-0.08128795027732849
902,0.40272173285484314,0.7738969922065735
903,0.8826571702957153,0.9454149007797241
904,0.6088641881942749,0.736810028553009
905,0.6353664994239807,0.6704955697059631
906,0.6086848974227905,0.47987258434295654
907,0.6592244505882263,0.9983837604522705
908,0.46938255429267883,0.925812304019928
909,0.38845720887184143,0.14272187650203705
910,0.3559374511241913,-0.026685666292905807
911,0.6244635581970215,-0.04076490178704262
912,0.5605588555335999,-0.05240480229258537
913,0.944318413734436,0.7712817788124084
914,0.7158583998680115,-0.12874116003513336
915,0.5499511361122131,0.9983844757080078
916,0.4584699869155884,-0.07279419898986816
917,0.6166412234306335,0.43983519077301025
918,0.5581302046775818,0.09109368920326233
919,0.7482838034629822,-0.0798172652721405
920,0.7004381418228149,0.2594197988510132
921,0.5405481457710266,0.11766542494297028
922,0.5809709429740906,0.8032385110855103
923,0.8559237122535706,0.82780522108078
924,0.3919124901294708,0.8000737428665161
925,0.7893279790878296,0.772914469242096
926,0.26873672008514404,0.6755445003509521
927,0.3641565442085266,0.7439098954200745
928,0.7971842288970947,1.1414967775344849
929,0.6372573971748352,0.6400952339172363
930,0.6909056901931763,0.2130206823348999
931,0.6585414409637451,0.9642080664634705
932,0.6190752983093262,0.1330416053533554
933,0.567058265209198,0.6454055309295654
934,0.8342275023460388,1.4859546422958374
935,0.7668541073799133,0.23079994320869446
936,0.3698873817920685,0.7238259315490723
937,0.24508629739284515,1.1830904483795166
938,0.49674734473228455,0.11576811969280243
939,0.6753885746002197,0.9740398526191711
940,0.3383738696575165,1.099613904953003
941,0.286114364862442,0.7419514656066895
942,0.7369356155395508,0.03277810290455818
943,0.5497141480445862,0.27236130833625793
944,0.42022034525871277,-0.1747097671031952
945,0.43316370248794556,0.8968183398246765
946,0.7213636636734009,0.0725262463092804
947,0.17519786953926086,0.5034075379371643
948,0.6121904253959656,0.605262815952301
949,0.718400776386261,1.0023159980773926
950,0.591373860836029,0.8862915635108948
951,0.3119686245918274,0.8906572461128235
952,0.2751469910144806,0.8367795348167419
953,0.6427758932113647,0.19211511313915253
954,0.7021444439888,0.20819886028766632
955,0.5627030730247498,0.8434125185012817
956,0.42749518156051636,0.5534201860427856
957,0.7523004412651062,0.485146164894104
958,0.16299854218959808,0.9079097509384155
959,0.1676076501607895,0.890005350112915
960,0.45554715394973755,0.6673470139503479
961,0.42318418622016907,0.7225891947746277
962,0.29277199506759644,0.9745861291885376
963,0.6063535809516907,0.4053131639957428
964,0.36562681198120117,0.1745273321866989
965,0.7308058142662048,0.15270929038524628
966,0.5339429974555969,0.822849690914154
967,0.7264066934585571,0.629007875919342
968,0.43940243124961853,0.20929647982120514
969,0.5786800980567932,0.13510766625404358
970,0.15174680948257446,0.7233720421791077
971,0.7695397734642029,1.1304224729537964
972,0.48389551043510437,0.7335363030433655
973,0.5641271471977234,0.1493326872587204
974,0.6047492027282715,0.4200286567211151
975,0.5915369391441345,0.8703767657279968
976,0.6232358813285828,0.7700532078742981
977,0.5341076850891113,0.1565655767917633
978,0.7447311282157898,0.7703518271446228
979,0.6200347542762756,0.6037713289260864
980,0.6414274573326111,0.7451096177101135
981,0.4783743917942047,0.07055631279945374
982,0.4871779680252075,0.8272164463996887
983,0.5667309761047363,0.20709924399852753
984,0.7449788451194763,0.5530059933662415
985,0.8073028922080994,0.20655308663845062
986,0.22207485139369965,1.120749592781067
987,0.6360718607902527,0.7058206796646118
988,0.820124089717865,0.16822084784507751
989,0.6533806920051575,0.07320131361484528
990,0.43978187441825867,0.5907590985298157
991,0.6473238468170166,0.7744274735450745
992,0.6463673710823059,0.521872341632843
993,0.27304625511169434,0.9119526743888855
994,0.554216206073761,0.4845476448535919
995,0.5928841233253479,0.21692021191120148
996,0.6944064497947693,0.19152411818504333
997,0.4449494183063507,0.6427056193351746
998,0.6060755848884583,-0.039266664534807205
999,0.5098473429679871,0.7996775507926941
1000,0.2010210007429123,0.7817877531051636
1001,0.3234923183917999,0.6414971351623535
1002,0.5402563810348511,0.40777498483657837
1003,0.5443018674850464,-0.10656070709228516
1004,0.7036135792732239,0.14989082515239716
1005,0.7271445393562317,0.8103843331336975
1006,0.4110497534275055,-0.017848875373601913
1007,0.3516799807548523,0.7072619199752808
1008,0.6588757634162903,0.39026254415512085
1009,0.6588940620422363,0.9061990976333618
1010,0.7088814973831177,0.38481414318084717
1011,0.5149195194244385,1.0239678621292114
1012,0.8097825646400452,0.06842674314975739
1013,0.7582109570503235,0.5983222723007202
1014,0.7890836596488953,0.6814854145050049
1015,0.5935983061790466,0.31058719754219055
1016,0.5137856602668762,0.6338577270507812
1017,0.7376700043678284,0.2783495783805847
1018,0.36459222435951233,0.8211545348167419
1019,0.4164371192455292,0.774640679359436
1020,0.4155927896499634,0.59829181432724
